,Web_URL,Products_Name,Product_Details
0,https://yoshops.com/products/finance-analyst-training-program-with-real-time-project,Finance Analyst Training Program With Real Time Project,"Course Fee  Rs.499 Course Duration 1 Month(22 Class) Timings Monday to Friday  Training Modes Online & Classroom Apply Now Offer Price Rs.499 only. Use Coupon Code= intern499 Internship Detail: looking for an Internship please send your cv to career@yohops.com   The internship program is the right approach to urge employment in Finance. India is growing digitally every day. The demand for Finance is growing big a day. With more and more users coming online, the demand for Finance is predicted to grow even further. So this internship can actually assist you to work on Live and Real Time Projects. Which you don’t find in the other institutes. Since you're employed in real-time as an intern already with us at Yoshops.com, your chances of getting a Finance domain job is high. Our FinanceCourse with Internship covers both the Collage Student, Own Business and Job Seeker, Job Profession. This course covers all the 7 modules and 35 topics as mentioned in our Curriculum. Finance may be a course that anyone can do and learn. If you willing to try to to it there are no such criteria for an individual who wants to form a career in it. but still, there are some basic educational requirements that needed for one who wants to pursue it during this course. The Eligibility to try to Finance course are as follows. Education : it's not mandatory to be a graduate of 12th for doing this course. it's a simple course so anyone who can understand, read and write English is eligible for the Finance course. Time : you want to need to provides it a while. means if you're a learner during this course you've got to possess time to try to to it If you'll provide it a minimum of 3–4 hours each day to the present course practice then you wilt have better chances to earn good money while learning. Tools : Well for that you simply are going to be needing a laptop or a computer and an online connection. Nowadays everyone features an internet connection in their phone “thanks to JIO”. and if you're given only 3–4 hours each day to the present course this is often enough internet that you simply will need. Guidance : confirm you'll be learning this course from an institute (like Fin-tech  Finance Technology Institute). Joining an institute will properly guide you and also assist you if you bought stuck while learning. That is all from Yoshops thinks. Thanks for reading Best Intern Of The Month:"
1,https://yoshops.com/products/river-prawn-small-4cm-250gm-berhampur,River Prawn Small- 4cm 250gm(Berhampur),"Buy River Prawn Small- 4cm 250gm at  price Rs.59 from Yoshops.com,CASH On Delivery Available, 1.Yo-Gift Available,FREE SHIPPING above Rs.500 value"
2,https://yoshops.com/products/rohu-river-fish-raw-1kg-berhampur,Rohu River Fish Raw 1Kg(Berhampur),"Buy Rohu River Fish Raw 1Kg at  price Rs.149 from Yoshops.com,CASH On Delivery Available, 1.Yo-Gift Available,FREE SHIPPING above Rs.500 value"
3,https://yoshops.com/products/rohu-river-fish-cutting-no-head-1kg-berhampur,Rohu River Fish Cutting(No Head) 1Kg(Berhampur),"BuyRohu River Fish  Cutting(No Head) 1Kg at  price Rs.269 from Yoshops.com,CASH On Delivery Available, 1.Yo-Gift Available,FREE SHIPPING above Rs.500 value"
4,https://yoshops.com/products/vakura-catla-river-fish-raw-1kg-berhampur,Vakura Catla River Fish Raw 1Kg(Berhampur),"Buy Vakura Catla River Fish  Raw 1Kg at  price Rs.149 from Yoshops.com,CASH On Delivery Available, 1.Yo-Gift Available,FREE SHIPPING above Rs.500 value"
5,https://yoshops.com/products/river-prawn-raw-big-12cm-250gm-berhampur,River Prawn Raw Big-12cm 250gm(Berhampur),"Buy River Prawn Raw Big-12cm 250gm at  price Rs.99 from Yoshops.com,CASH On Delivery Available, 1.Yo-Gift Available,FREE SHIPPING above Rs.500 value"
6,https://yoshops.com/products/river-prawn-raw-middium-6cm-250gm-berhampur,River Prawn Raw Middium- 6cm 250gm(Berhampur),"BuyRiver Prawn Raw Middium- 6cm 250gm at  price Rs.79 from Yoshops.com,CASH On Delivery Available, 1.Yo-Gift Available,FREE SHIPPING above Rs.500 value"
7,https://yoshops.com/products/river-prawn-raw-big-12cm-500gm-berhampur,River Prawn Raw Big-12cm 500gm(Berhampur),"Buy River Prawn Raw Big-12cm 500gm at  price Rs.199 from Yoshops.com,CASH On Delivery Available, 1.Yo-Gift Available,FREE SHIPPING above Rs.500 value"
8,https://yoshops.com/products/river-prawn-raw-middium-6cm-500gm-berhampur,River Prawn Raw Middium- 6cm 500gm(Berhampur),"Buy River Prawn Raw Middium- 6cm 500gm at  price Rs.159 from Yoshops.com,CASH On Delivery Available, 1.Yo-Gift Available,FREE SHIPPING above Rs.500 value"
9,https://yoshops.com/products/river-prawn-small-4cm-500gm-berhampur,River Prawn Small- 4cm 500gm(Berhampur),"Buy River Prawn Small- 4cm 500gm at  price Rs.99 from Yoshops.com,CASH On Delivery Available, 1.Yo-Gift Available,FREE SHIPPING above Rs.500 value"
10,https://yoshops.com/products/cooking-oil-1liter-berhampur,Cooking OiL 1Liter(Berhampur),"Buy Cooking OiL 1Literat  price Rs.149 from Yoshops.com,CASH On Delivery Available, 1.Yo-Gift Available,FREE SHIPPING above Rs.500 value"
11,https://yoshops.com/products/atta-1kg-berhampur,ATTA 1Kg(Berhampur),"Buy ATTA 1Kg at  price Rs.99 from Yoshops.com,CASH On Delivery Available, 1.Yo-Gift Available,FREE SHIPPING above Rs.500 value"
12,https://yoshops.com/products/sweet-pickel-1kg-berhampur,Sweet Pickel 1Kg(Berhampur),"Buy Sweet Pickel 1Kg at  price Rs.79 from Yoshops.com,CASH On Delivery Available, 1.Yo-Gift Available,FREE SHIPPING above Rs.500 value"
13,https://yoshops.com/products/finance-analyst-training-program-with-real-time-project,Finance Analyst Training Program With Real Time Project,"Course Fee  Rs.499 Course Duration 1 Month(22 Class) Timings Monday to Friday  Training Modes Online & Classroom Apply Now Offer Price Rs.499 only. Use Coupon Code= intern499 Internship Detail: looking for an Internship please send your cv to career@yohops.com   The internship program is the right approach to urge employment in Finance. India is growing digitally every day. The demand for Finance is growing big a day. With more and more users coming online, the demand for Finance is predicted to grow even further. So this internship can actually assist you to work on Live and Real Time Projects. Which you don’t find in the other institutes. Since you're employed in real-time as an intern already with us at Yoshops.com, your chances of getting a Finance domain job is high. Our FinanceCourse with Internship covers both the Collage Student, Own Business and Job Seeker, Job Profession. This course covers all the 7 modules and 35 topics as mentioned in our Curriculum. Finance may be a course that anyone can do and learn. If you willing to try to to it there are no such criteria for an individual who wants to form a career in it. but still, there are some basic educational requirements that needed for one who wants to pursue it during this course. The Eligibility to try to Finance course are as follows. Education : it's not mandatory to be a graduate of 12th for doing this course. it's a simple course so anyone who can understand, read and write English is eligible for the Finance course. Time : you want to need to provides it a while. means if you're a learner during this course you've got to possess time to try to to it If you'll provide it a minimum of 3–4 hours each day to the present course practice then you wilt have better chances to earn good money while learning. Tools : Well for that you simply are going to be needing a laptop or a computer and an online connection. Nowadays everyone features an internet connection in their phone “thanks to JIO”. and if you're given only 3–4 hours each day to the present course this is often enough internet that you simply will need. Guidance : confirm you'll be learning this course from an institute (like Fin-tech  Finance Technology Institute). Joining an institute will properly guide you and also assist you if you bought stuck while learning. That is all from Yoshops thinks. Thanks for reading Best Intern Of The Month:"
